Year,Round,Team1,Team2,Team1.Result,Team2.Result,Team1.1QTotal,Team1.2QTotal,Team1.3QTotal,Team1.4QTotal,Team2.1QTotal,Team2.2QTotal,Team2.3QTotal,Team2.4QTotal
2018,1,Richmond Tigers,Carlton Blues,W,L,21,32,15,37,20,22,18,20
2018,1,Collingwood Magpies,Western Bulldogs,L,W,8,22,7,16,20,21,20,8
2018,1,Melbourne Demons,Freemantle Dockers,W,L,28,20,14,18,4,22,19,13
2018,1,Adelaide Crows,Geelong Cats,W,L,28,45,14,16,15,20,33,23
2018,1,Essendon Bombers,Hawthorn Hawks,L,W,16,50,10,15,19,8,48,17
2018,1,Brisbane Lions,Sydney Swans,L,W,21,31,15,27,16,36,56,17
2018,1,North Melbourne Kangaroos,Port Adelaide Power,L,W,16,8,14,27,14,50,28,25
2018,1,GWS Giants,St Kilda Saints,L,W,15,14,28,21,8,28,24,26
2018,1,West Coast Eagles,Gold Coast Suns,W,L,21,13,15,34,16,13,21,8
2018,2,Carlton Blues,Collingwood Magpies,L,W,20,31,25,9,38,33,14,21
2018,2,Geelong Cats,Brisbane Lions,W,L,33,20,21,7,17,16,20,27
2018,2,Sydney Swans,Adelaide Crows,W,L,25,35,41,20,20,10,20,38
2018,2,Port Adelaide Power,Essendon Bombers,W,L,37,35,28,19,10,21,13,21
2018,2,St Kilda Saints,Melbourne Demons,L,W,20,19,13,21,22,21,24,24
2018,2,Gold Coast Suns,North Melbourne Kangaroos,W,L,22,38,16,22,8,8,19,4
2018,2,Hawthorn Hawks,Richmond Tigers,L,W,7,25,7,10,28,27,7,16
2018,2,Western Bulldogs,West Coast Eagles,W,L,21,25,20,34,20,19,39,15
2018,2,Freemantle Dockers,GWS Giants,W,L,30,12,28,17,11,4,15,26
2018,3,Carlton Blues,Collingwood Magpies,L,W,20,2,28,26,24,34,24,18
2018,3,Port Adelaide Power,Brisbane Lions,W,L,30,19,43,5,24,36,14,18
2018,3,Melbourne Demons,North Melbourne Kangaroos,W,L,20,41,24,38,33,19,14,20
2018,3,Gold Coast Suns,Freemantle Dockers,L,W,13,27,21,7,29,11,33,23
2018,3,Sydney Swans,GWS Giants,W,L,22,24,31,26,17,23,15,32
2018,3,St Kilda Saints,Adelaide Crows,L,W,18,9,9,19,20,17,39,28
2018,3,Richmond Tigers,Hawthorn Hawks,W,L,33,22,28,19,16,20,14,39
2018,3,Western Bulldogs,Essendon Bombers,W,L,27,31,24,22,20,22,19,22
2018,3,West Coast Eagles,Geelong Cats,W,L,30,21,2,42,14,5,39,22
2018,4,Adelaide Crows,Collingwood Magpies,L,W,7,13,19,19,32,21,22,31
2018,4,GWS Giants,Freemantle Dockers,W,L,11,28,23,20,19,13,4,15
2018,4,Richmond Tigers,Brisbane Lions,L,W,35,23,20,32,2,2,6,7
2018,4,Western Bulldogs,Sydney Swans,L,W,33,16,15,15,24,15,25,22
2018,4,North Melbourne Kangaroos,Carlton Blues,W,L,29,31,31,25,6,15,1,8
2018,4,West Coast Eagles,Gold Coast Suns,W,L,28,52,22,37,19,7,26,7
2018,4,Essendon Bombers,Port Adelaide Power,W,L,32,26,21,27,14,17,25,28
2018,4,Hawthorn Hawks,Melbourne Demons,W,L,23,24,26,42,35,4,2,7
2018,4,Geelong Cats,St Kilda Saints,W,L,27,27,32,17,10,15,13,18
2018,5,Sydney Swans,Adelaide Crows,L,W,21,21,15,18,33,25,8,19
2018,5,St Kilda Saints,GWS Giants,T,T,14,24,10,25,17,16,24,16
2018,5,Carlton Blues,West Coast Eagles,L,W,13,16,13,27,23,18,29,9
2018,5,Port Adelaide Power,Geelong Cats,L,W,8,20,19,3,20,17,21,26
2018,5,Freemantle Dockers,Western Bulldogs,W,L,24,15,39,30,8,13,7,26
2018,5,North Melbourne Kangaroos,Hawthorn Hawks,W,L,47,28,8,15,12,6,38,14
2018,5,Brisbane Lions,Gold Coast Suns,L,W,15,16,20,20,26,19,21,10
2018,5,Melbourne Demons,Richmond Tigers,L,W,11,7,20,18,14,24,19,45
2018,5,Collingwood Magpies,Essendon Bombers,W,L,28,17,17,39,21,7,4,20
2018,6,Western Bulldogs,Carlton Blues,W,L,29,21,16,14,19,8,15,17
2018,6,Geelong Cats,Sydney Swans,L,W,15,28,19,7,30,1,9,46
2018,6,North Melbourne Kangaroos,Port Adelaide Power,L,W,13,16,14,26,29,25,26,22
2018,6,GWS Giants,Brisbane Lions,W,L,22,23,14,18,5,7,21,10
2018,6,Hawthorn Hawks,St Kilda Saints,W,L,25,8,18,38,4,21,15,14
2018,6,Adelaide Crows,Gold Coast Suns,W,L,28,39,20,23,13,9,26,14
2018,6,Essendon Bombers,Melbourne Demons,L,W,15,22,8,27,9,22,45,32
2018,6,Collingwood Magpies,Richmond Tigers,L,W,14,23,14,19,22,11,29,51
2018,6,Freemantle Dockers,West Coast Eagles,L,W,27,7,27,20,7,35,25,22
2018,7,Geelong Cats,GWS Giants,W,L,25,19,31,18,6,11,2,13
2018,7,Western Bulldogs,Gold Coast Suns,W,L,8,27,20,26,18,21,19,14
2018,7,Essendon Bombers,Hawthorn Hawks,L,W,26,9,1,31,16,12,39,23
2018,7,West Coast Eagles,Port Adelaide Power,W,L,25,32,25,20,13,7,30,10
2018,7,Sydney Swans,North Melbourne Kangaroos,L,W,13,15,16,22,21,14,17,16
2018,7,Adelaide Crows,Carlton Blues,W,L,44,13,41,27,13,27,10,20
2018,7,Richmond Tigers,Freemantle Dockers,W,L,29,24,5,52,7,2,23,1
2018,7,St Kilda Saints,Melbourne Demons,L,W,17,9,26,15,31,23,34,18
2018,7,Brisbane Lions,Collingwood Magpies,L,W,18,42,26,28,26,37,31,27
2018,8,Hawthorn Hawks,Sydney Swans,L,W,27,7,26,11,25,15,9,30
2018,8,GWS Giants,West Coast Eagles,L,W,15,23,20,3,18,31,22,15
2018,8,Carlton Blues,Essendon Bombers,W,L,25,13,28,25,20,19,17,22
2018,8,Gold Coast Suns,Melbourne Demons,L,W,23,14,26,14,29,30,36,51
2018,8,Port Adelaide Power,Adelaide Crows,W,L,9,21,47,18,26,25,14,25
2018,8,Western Bulldogs,Brisbane Lions,W,L,27,32,21,27,25,16,15,37
2018,8,Freemantle Dockers,St Kilda Saints,W,L,20,27,16,26,8,3,38,10
2018,8,North Melbourne Kangaroos,Richmond Tigers,L,W,12,20,25,15,22,30,9,21
2018,8,Collingwood Magpies,Geelong Cats,L,W,9,3,23,10,16,15,21,14
2018,9,Adelaide Crows,Western Bulldogs,W,L,19,2,21,21,3,10,3,10
2018,9,North Melbourne Kangaroos,GWS Giants,W,L,34,13,45,20,11,41,7,10
2018,9,Gold Coast Suns,Port Adelaide Power,L,W,26,7,9,0,35,10,17,20
2018,9,Essendon Bombers,Geelong Cats,W,L,32,27,12,13,14,1,8,27
2018,9,Sydney Swans,Freemantle Dockers,W,L,21,25,26,39,4,9,8,31
2018,9,St Kilda Saints,Collingwood Magpies,L,W,23,26,14,9,21,27,43,9
2018,9,Carlton Blues,Melbourne Demons,L,W,19,14,15,2,22,42,50,45
2018,9,Brisbane Lions,Hawthorn Hawks,W,L,25,30,29,45,30,14,13,16
2018,9,West Coast Eagles,Richmond Tigers,W,L,37,7,46,40,15,29,18,21
2018,10,Collingwood Magpies,Western Bulldogs,W,L,7,26,29,28,32,19,2,2
2018,10,Richmond Tigers,St Kilda Saints,W,L,21,19,29,36,12,15,32,18
2018,10,Brisbane Lions,Sydney Swans,L,W,14,1,16,18,18,15,21,13
2018,10,GWS Giants,Essendon Bombers,L,W,15,21,15,9,32,13,11,39
2018,10,Geelong Cats,Carlton Blues,W,L,24,9,14,26,13,6,16,10
2018,10,Hawthorn Hawks,West Coast Eagles,L,W,19,20,15,6,20,19,21,15
2018,10,Melbourne Demons,Adelaide Crows,W,L,43,31,40,32,19,7,8,21
2018,10,Freemantle Dockers,North Melbourne Kangaroos,L,W,22,13,9,14,14,22,19,31
2018,11,Sydney Swans,Carlton Blues,W,L,23,14,32,22,19,19,4,19
2018,11,Western Bulldogs,Melbourne Demons,L,W,21,9,14,7,13,33,27,27
2018,11,Hawthorn Hawks,Port Adelaide Power,W,L,8,25,16,15,32,1,9,19
2018,11,Gold Coast Suns,Geelong Cats,L,W,16,1,18,1,23,48,22,28
2018,11,Essendon Bombers,Richmond Tigers,L,W,9,20,7,7,34,26,40,14
2018,11,West Coast Eagles,St Kilda Saints,W,L,30,31,32,8,13,20,12,43
2018,11,North Melbourne Kangaroos,Brisbane Lions,W,L,37,44,29,31,4,22,27,34
2018,11,Collingwood Magpies,Freemantle Dockers,W,L,24,32,37,45,15,7,12,43
2018,11,Adelaide Crows,GWS Giants,L,W,27,16,21,17,23,38,15,21
2018,12,Port Adelaide Power,Richmond Tigers,W,L,14,45,8,5,21,15,14,8
2018,12,Geelong Cats,North Melbourne Kangaroos,W,L,28,15,19,34,12,6,26,15
2018,12,GWS Giants,Gold Coast Suns,W,L,18,45,51,20,6,13,6,1
2018,12,St Kilda Saints,Sydney Swans,L,W,7,19,8,21,55,32,22,17
2018,12,Brisbane Lions,Essendon Bombers,L,W,16,9,14,23,24,22,13,25
2018,12,Freemantle Dockers,Adelaide Crows,W,L,32,4,26,9,10,38,3,17
2018,12,Melbourne Demons,Collingwood Magpies,L,W,12,32,27,20,35,28,38,32
2018,13,Port Adelaide Power,Western Bulldogs,W,L,35,19,39,39,1,28,26,20
2018,13,Sydney Swans,West Coast Eagles,W,L,3,30,33,6,9,10,21,17
2018,13,Carlton Blues,Freemantle Dockers,L,W,4,3,18,21,39,38,17,9
2018,13,Gold Coast Suns,St Kilda Saints,L,W,26,35,17,0,20,10,17,33
2018,13,Hawthorn Hawks,Adelaide Crows,W,L,17,10,44,17,8,15,0,9
2018,13,Geelong Cats,Richmond Tigers,L,W,26,9,20,10,11,26,19,27
2018,14,West Coast Eagles,Essendon Bombers,L,W,1,11,12,28,38,14,9,19
2018,14,Port Adelaide Power,Melbourne Demons,W,L,9,21,25,20,23,9,31,2
2018,14,Hawthorn Hawks,Gold Coast Suns,W,L,13,24,24,35,22,2,3,16
2018,14,Brisbane Lions,GWS Giants,L,W,20,8,20,34,32,20,17,40
2018,14,Western Bulldogs,North Melbourne Kangaroos,L,W,13,26,16,20,7,14,32,24
2018,14,Collingwood Magpies,Carlton Blues,W,L,20,18,22,19,20,7,19,13
2018,15,Richmond Tigers,Sydney Swans,W,L,37,7,27,22,19,12,30,6
2018,15,Western Bulldogs,Geelong Cats,W,L,26,32,25,20,27,25,33,16
2018,15,Carlton Blues,Port Adelaide Power,L,W,30,8,17,14,24,33,0,33
2018,15,Adelaide Crows,West Coast Eagles,W,L,9,17,20,42,16,19,31,12
2018,15,GWS Giants,Hawthorn Hawks,W,L,33,14,34,14,9,25,25,25
2018,15,Gold Coast Suns,Collingwood Magpies,L,W,20,8,21,11,27,39,23,10
2018,15,Melbourne Demons,St Kilda Saints,L,W,26,31,15,45,27,45,22,25
2018,15,Essendon Bombers,North Melbourne Kangaroos,W,L,38,46,14,27,44,20,22,22
2018,15,Freemantle Dockers,Brisbane Lions,L,W,10,14,21,19,27,21,38,33
2018,16,Sydney Swans,Geelong Cats,L,W,14,6,26,13,10,25,11,25
2018,16,Richmond Tigers,Adelaide Crows,W,L,15,35,14,39,9,19,20,8
2018,16,Brisbane Lions,Carlton Blues,W,L,19,36,40,25,17,1,14,23
2018,16,Port Adelaide Power,St Kilda Saints,W,L,19,17,24,26,5,13,12,20
2018,16,Western Bulldogs,Hawthorn Hawks,L,W,25,21,1,12,36,8,46,32
2018,16,Melbourne Demons,Freemantle Dockers,W,L,21,24,27,30,12,14,15,7
2018,16,North Melbourne Kangaroos,Gold Coast Suns,W,L,26,20,32,17,6,29,8,15
2018,16,Essendon Bombers,Collingwood Magpies,L,W,8,21,19,14,25,3,19,31
2018,16,West Coast Eagles,GWS Giants,W,L,8,31,24,23,14,12,28,21
2018,17,Adelaide Crows,Geelong Cats,W,L,27,24,42,19,21,22,26,28
2018,17,St Kilda Saints,Carlton Blues,W,L,29,29,40,18,21,14,9,8
2018,17,Hawthorn Hawks,Brisbane Lions,L,W,17,26,21,1,13,19,40,26
2018,17,Melbourne Demons,Western Bulldogs,W,L,22,23,48,26,25,17,21,6
2018,17,GWS Giants,Richmond Tigers,W,L,27,21,22,9,18,28,5,26
2018,17,Gold Coast Suns,Essendon Bombers,L,W,20,15,3,13,16,14,28,37
2018,17,Collingwood Magpies,West Coast Eagles,L,W,28,17,13,9,18,31,31,22
2018,17,North Melbourne Kangaroos,Sydney Swans,L,W,31,7,39,21,19,32,15,38
2018,17,Freemantle Dockers,Port Adelaide Power,W,L,6,7,27,19,15,0,15,20
2018,18,St Kilda Saints,Richmond Tigers,L,W,8,7,22,20,40,33,21,17
2018,18,Collingwood Magpies,North Melbourne Kangaroos,W,L,44,37,14,35,15,21,13,15
2018,18,Sydney Swans,Gold Coast Suns,L,W,40,3,3,18,11,38,17,22
2018,18,Essendon Bombers,Freemantle Dockers,W,L,17,18,35,29,24,19,21,6
2018,18,Brisbane Lions,Adelaide Crows,L,W,25,25,11,27,22,39,22,10
2018,18,Geelong Cats,Melbourne Demons,W,L,13,20,19,48,15,23,37,23
2018,18,Carlton Blues,Hawthorn Hawks,L,W,0,8,29,15,27,28,24,45
2018,18,West Coast Eagles,Western Bulldogs,W,L,40,17,12,31,14,9,9,14
2018,18,Port Adelaide Power,GWS Giants,L,W,6,17,27,8,27,22,17,14
2018,19,Essendon Bombers,Sydney Swans,W,L,15,28,34,32,21,19,25,1
2018,19,Richmond Tigers,Collingwood Magpies,W,L,32,19,21,33,13,30,25,9
2018,19,Geelong Cats,Brisbane Lions,W,L,16,32,29,43,16,21,14,27
2018,19,GWS Giants,St Kilda Saints,W,L,12,20,39,15,12,16,19,14
2018,19,Gold Coast Suns,Carlton Blues,L,W,21,3,8,12,8,14,44,13
2018,19,Adelaide Crows,Melbourne Demons,L,W,28,16,8,25,19,18,46,7
2018,19,North Melbourne Kangaroos,West Coast Eagles,W,L,10,24,27,20,12,19,7,3
2018,19,Western Bulldogs,Port Adelaide Power,L,W,12,12,10,0,14,14,20,30
2018,19,Freemantle Dockers,Hawthorn Hawks,L,W,21,2,9,21,32,22,38,20
2018,20,Richmond Tigers,Geelong Cats,W,L,26,16,29,14,16,21,13,32
2018,20,Hawthorn Hawks,Essendon Bombers,W,L,19,38,26,24,21,25,31,26
2018,20,Brisbane Lions,North Melbourne Kangaroos,L,W,36,20,26,22,31,47,15,14
2018,20,Adelaide Crows,Port Adelaide Power,W,L,33,17,18,28,33,26,10,24
2018,20,Sydney Swans,Collingwood Magpies,W,L,20,8,32,13,25,20,3,23
2018,20,St Kilda Saints,Western Bulldogs,L,W,26,20,5,17,5,37,54,7
2018,20,Carlton Blues,GWS Giants,L,W,8,19,13,6,35,43,28,45
2018,20,Melbourne Demons,Gold Coast Suns,W,L,57,33,18,35,6,20,8,13
2018,20,West Coast Eagles,Freemantle Dockers,W,L,28,33,45,36,8,20,26,30
2018,21,Essendon Bombers,St Kilda Saints,W,L,33,35,29,25,28,16,8,27
2018,21,Hawthorn Hawks,Geelong Cats,W,L,4,34,26,7,16,2,20,22
2018,21,Gold Coast Suns,Richmond Tigers,L,W,7,16,3,25,28,25,46,26
2018,21,Port Adelaide Power,West Coast Eagles,L,W,31,7,18,2,7,13,21,21
2018,21,GWS Giants,Adelaide Crows,W,L,28,17,35,26,27,22,20,23
2018,21,Collingwood Magpies,Brisbane Lions,W,L,9,28,43,24,22,12,18,21
2018,21,North Melbourne Kangaroos,Western Bulldogs,L,W,14,45,17,9,10,21,50,11
2018,21,Melbourne Demons,Sydney Swans,L,W,18,12,26,22,7,37,40,3
2018,21,Freemantle Dockers,Carlton Blues,W,L,10,27,45,19,24,26,2,20
2018,22,Richmond Tigers,Essendon Bombers,W,L,24,12,32,13,15,13,19,26
2018,22,Collingwood Magpies,Port Adelaide Power,W,L,26,35,10,44,25,19,14,6
2018,22,Geelong Cats,Freemantle Dockers,W,L,11,61,39,47,20,0,3,2
2018,22,GWS Giants,Sydney Swans,L,W,21,21,9,9,8,19,12,41
2018,22,Gold Coast Suns,Brisbane Lions,L,W,8,32,14,20,23,23,11,21
2018,22,St Kilda Saints,Hawthorn Hawks,L,W,9,33,27,7,28,19,31,2
2018,22,Carlton Blues,Western Bulldogs,L,W,14,14,8,13,13,13,14,26
2018,22,West Coast Eagles,Melbourne Demons,L,W,18,16,38,19,28,20,32,28
2018,22,Adelaide Crows,North Melbourne Kangaroos,W,L,23,28,22,13,20,3,20,34
2018,23,Port Adelaide Power,Essendon Bombers,L,W,7,29,25,28,40,21,37,13
2018,23,Geelong Cats,Gold Coast Suns,W,L,30,50,30,32,13,7,12,8
2018,23,Richmond Tigers,Western Bulldogs,W,L,31,18,31,18,36,15,21,23
2018,23,Freemantle Dockers,Collingwood Magpies,L,W,32,10,14,11,20,19,17,20
2018,23,Sydney Swans,Hawthorn Hawks,L,W,15,28,13,18,16,8,26,33
2018,23,Carlton Blues,Adelaide Crows,L,W,10,25,15,11,34,50,44,37
2018,23,Brisbane Lions,West Coast Eagles,L,W,24,2,22,24,34,27,23,14
2018,23,Melbourne Demons,GWS Giants,W,L,26,22,33,21,25,10,3,19
2018,23,St Kilda Saints,North Melbourne Kangaroos,L,W,21,19,32,22,43,32,20,22
2019,1,Carlton Blues,Richmond Tigers,L,W,1,27,28,8,34,16,19,28
2019,1,Collingwood Magpies,Geelong Cats,L,W,23,10,19,13,14,8,30,29
2019,1,Melbourne Demons,Port Adelaide Power,L,W,27,14,20,0,16,28,25,18
2019,1,Adelaide Crows,Hawthorn Hawks,L,W,8,26,2,19,16,27,25,19
2019,1,Western Bulldogs,Sydney Swans,W,L,29,15,24,14,8,3,25,29
2019,1,Brisbane Lions,West Coast Eagles,W,L,11,43,22,26,38,9,0,11
2019,1,St Kilda Saints,Gold Coast Suns,W,L,25,33,18,9,32,13,19,20
2019,1,GWS Giants,Essendon Bombers,W,L,20,30,23,39,4,13,9,14
2019,1,Freemantle Dockers,North Melbourne Kangaroos,W,L,34,41,34,32,12,24,8,15
2019,2,Richmond Tigers,Collingwood Magpies,L,W,14,25,19,8,20,25,31,34
2019,2,Sydney Swans,Adelaide Crows,L,W,8,34,4,16,29,17,23,19
2019,2,Essendon Bombers,St Kilda Saints,L,W,2,27,21,15,19,32,9,16
2019,2,Port Adelaide Power,Carlton Blues,W,L,26,27,9,26,32,2,25,13
2019,2,Geelong Cats,Melbourne Demons,W,L,37,9,36,44,14,8,5,19
2019,2,West Coast Eagles,GWS Giants,W,L,15,37,25,27,9,15,22,6
2019,2,North Melbourne Kangaroos,Brisbane Lions,L,W,22,25,15,25,8,27,29,43
2019,2,Hawthorn Hawks,Western Bulldogs,L,W,26,7,46,8,22,15,12,57
2019,2,Gold Coast Suns,Freemantle Dockers,W,L,16,16,8,21,15,14,20,9
2019,3,Adelaide Crows,Geelong Cats,L,W,24,9,33,9,38,18,13,30
2019,3,Melbourne Demons,Essendon Bombers,L,W,19,42,14,37,40,14,42,34
2019,3,Carlton Blues,Sydney Swans,L,W,34,7,15,18,37,22,16,18
2019,3,GWS Giants,Richmond Tigers,W,L,16,39,33,37,24,16,28,8
2019,3,Brisbane Lions,Port Adelaide Power,W,L,32,20,20,35,20,19,26,25
2019,3,Collingwood Magpies,West Coast Eagles,L,W,19,20,9,28,8,40,20,30
2019,3,Western Bulldogs,Gold Coast Suns,L,W,16,16,8,28,40,8,11,14
2019,3,Hawthorn Hawks,North Melbourne Kangaroos,W,L,8,25,21,33,27,15,11,18
2019,3,Freemantle Dockers,St Kilda Saints,W,L,20,18,18,15,7,26,17,16
2019,4,Sydney Swans,Melbourne Demons,L,W,34,24,7,13,20,32,27,21
2019,4,Collingwood Magpies,Western Bulldogs,W,L,8,22,15,33,3,16,31,14
2019,4,Geelong Cats,GWS Giants,L,W,27,21,20,7,7,20,40,12
2019,4,Essendon Bombers,Brisbane Lions,W,L,44,28,14,26,14,9,27,15
2019,4,Port Adelaide Power,Richmond Tigers,L,W,25,20,27,20,17,27,30,25
2019,4,North Melbourne Kangaroos,Adelaide Crows,W,L,12,16,28,15,16,26,9,8
2019,4,West Coast Eagles,Freemantle Dockers,W,L,31,8,14,16,5,10,21,20
2019,4,Gold Coast Suns,Carlton Blues,W,L,19,9,10,21,9,25,15,8
2019,4,St Kilda Saints,Hawthorn Hawks,W,L,20,15,22,17,20,21,27,1
2019,5,Brisbane Lions,Collingwood Magpies,L,W,20,16,15,10,47,10,51,15
2019,5,North Melbourne Kangaroos,Essendon Bombers,L,W,12,13,11,22,22,39,28,27
2019,5,West Coast Eagles,Port Adelaide Power,L,W,7,7,19,20,23,40,21,11
2019,5,GWS Giants,Freemantle Dockers,L,W,24,27,22,9,28,27,14,37
2019,5,Melbourne Demons,St Kilda Saints,L,W,21,8,3,23,25,19,33,18
2019,5,Richmond Tigers,Sydney Swans,W,L,21,38,16,14,13,13,13,28
2019,5,Western Bulldogs,Carlton Blues,L,W,21,13,14,9,33,20,19,29
2019,5,Adelaide Crows,Gold Coast Suns,W,L,9,34,38,38,2,7,23,14
2019,5,Hawthorn Hawks,Geelong Cats,L,W,26,23,21,20,27,39,34,13
2019,6,Richmond Tigers,Melbourne Demons,W,L,19,15,17,34,25,1,9,7
2019,6,Essendon Bombers,Collingwood Magpies,L,W,6,27,21,15,29,19,15,10
2019,6,Port Adelaide Power,North Melbourne Kangaroos,W,L,32,17,20,19,15,6,21,30
2019,6,Gold Coast Suns,Brisbane Lions,L,W,20,18,7,17,17,27,32,35
2019,6,St Kilda Saints,Adelaide Crows,L,W,24,12,19,13,18,31,17,31
2019,6,Sydney Swans,GWS Giants,L,W,19,26,21,13,35,15,38,32
2019,6,Freemantle Dockers,Western Bulldogs,W,L,27,16,20,25,14,28,15,12
2019,6,Hawthorn Hawks,Carlton Blues,W,L,15,6,36,36,39,13,10,26
2019,6,Geelong Cats,West Coast Eagles,W,L,43,11,29,21,13,8,12,13
2019,7,Collingwood Magpies,Port Adelaide Power,W,L,48,12,23,25,3,33,7,26
2019,7,Melbourne Demons,Hawthorn Hawks,W,L,15,14,35,15,29,9,12,24
2019,7,GWS Giants,St Kilda Saints,W,L,50,8,26,30,13,21,16,20
2019,7,Brisbane Lions,Sydney Swans,W,L,36,14,31,22,8,40,18,15
2019,7,Western Bulldogs,Richmond Tigers,W,L,17,26,37,19,20,10,19,3
2019,7,West Coast Eagles,Gold Coast Suns,W,L,24,32,10,14,9,8,21,19
2019,7,Carlton Blues,North Melbourne Kangaroos,L,W,2,11,15,34,34,32,31,23
2019,7,Geelong Cats,Essendon Bombers,W,L,24,21,22,19,21,8,7,18
2019,7,Adelaide Crows,Freemantle Dockers,W,L,9,3,27,12,14,0,6,14
2019,8,Sydney Swans,Essendon Bombers,W,L,18,26,19,14,15,30,9,18
2019,8,Western Bulldogs,Brisbane Lions,W,L,19,27,32,14,28,16,13,19
2019,8,Carlton Blues,Collingwood Magpies,L,W,10,26,32,19,13,23,27,43
2019,8,Gold Coast Suns,Melbourne Demons,L,W,13,8,15,24,20,3,16,22
2019,8,St Kilda Saints,West Coast Eagles,L,W,13,16,15,26,21,15,38,14
2019,8,Port Adelaide Power,Adelaide Crows,L,W,2,18,10,38,13,28,27,20
2019,8,North Melbourne Kangaroos,Geelong Cats,L,W,11,21,30,18,18,33,39,14
2019,8,Hawthorn Hawks,GWS Giants,W,L,19,16,16,20,9,19,1,9
2019,8,Freemantle Dockers,Richmond Tigers,L,W,20,13,26,27,27,19,40,25
2019,9,West Coast Eagles,Melbourne Demons,W,L,20,14,14,37,22,16,22,9
2019,9,Collingwood Magpies,St Kilda Saints,W,L,19,19,32,42,9,24,32,6
2019,9,Brisbane Lions,Adelaide Crows,W,L,23,27,27,16,16,28,21,27
2019,9,Geelong Cats,Western Bulldogs,W,L,38,32,26,37,25,23,33,8
2019,9,North Melbourne Kangaroos,Sydney Swans,L,W,19,14,10,29,10,44,16,7
2019,9,Essendon Bombers,Freemantle Dockers,W,L,9,16,16,19,15,8,10,20
2019,9,Port Adelaide Power,Gold Coast Suns,W,L,19,20,24,26,28,15,7,1
2019,9,Richmond Tigers,Hawthorn Hawks,W,L,20,22,31,22,17,9,19,14
2019,9,GWS Giants,Carlton Blues,W,L,47,40,35,16,7,6,19,13
2019,10,Sydney Swans,Collingwood Magpies,L,W,19,12,31,11,10,30,14,26
2019,10,Hawthorn Hawks,Port Adelaide Power,W,L,25,13,21,21,0,15,22,12
2019,10,Western Bulldogs,North Melbourne Kangaroos,L,W,32,10,21,27,32,32,19,32
2019,10,Adelaide Crows,West Coast Eagles,L,W,14,36,14,9,21,1,32,31
2019,10,Gold Coast Suns,Geelong Cats,L,W,27,14,21,2,27,17,20,27
2019,10,Richmond Tigers,Essendon Bombers,W,L,8,23,28,14,3,10,9,28
2019,10,Melbourne Demons,GWS Giants,L,W,7,2,15,44,17,27,37,13
2019,10,St Kilda Saints,Carlton Blues,W,L,14,23,21,10,22,12,8,13
2019,10,Freemantle Dockers,Brisbane Lions,W,L,22,14,25,12,32,5,32,3
2019,11,North Melbourne Kangaroos,Richmond Tigers,W,L,25,18,36,20,20,19,7,16
2019,11,GWS Giants,Gold Coast Suns,W,L,26,15,26,59,21,1,9,12
2019,11,Collingwood Magpies,Freemantle Dockers,L,W,21,20,13,21,21,7,30,21
2019,11,Geelong Cats,Sydney Swans,W,L,31,13,26,15,21,17,10,15
2019,11,Brisbane Lions,Hawthorn Hawks,W,L,6,33,26,20,31,14,13,8
2019,11,Melbourne Demons,Adelaide Crows,L,W,39,19,16,14,24,9,25,32
2019,11,St Kilda Saints,Port Adelaide Power,L,W,22,16,14,17,31,44,36,28
2019,11,Essendon Bombers,Carlton Blues,W,L,15,19,19,21,14,2,16,1
2019,11,West Coast Eagles,Western Bulldogs,W,L,19,26,56,32,19,15,18,20
2019,12,Richmond Tigers,Geelong Cats,L,W,13,3,8,13,2,44,52,6
2019,12,Carlton Blues,Brisbane Lions,W,L,3,19,35,21,21,19,13,10
2019,12,Gold Coast Suns,North Melbourne Kangaroos,L,W,9,18,19,26,44,15,22,18
2019,12,Adelaide Crows,GWS Giants,W,L,17,14,12,39,8,14,25,14
2019,12,Sydney Swans,West Coast Eagles,W,L,25,35,31,25,20,19,11,21
2019,12,Collingwood Magpies,Melbourne Demons,W,L,23,21,30,24,8,15,16,18
2019,13,Adelaide Crows,Richmond Tigers,W,L,7,18,45,31,20,16,21,11
2019,13,Essendon Bombers,Hawthorn Hawks,W,L,14,29,34,19,15,25,14,23
2019,13,Gold Coast Suns,St Kilda Saints,L,W,23,13,21,19,2,15,33,30
2019,13,Freemantle Dockers,Port Adelaide Power,W,L,20,32,26,22,31,16,32,0
2019,13,Carlton Blues,Western Bulldogs,L,W,13,26,30,31,32,28,15,28
2019,13,North Melbourne Kangaroos,GWS Giants,L,W,18,27,9,14,20,25,27,19
2019,14,West Coast Eagles,Essendon Bombers,W,L,22,34,27,23,24,13,12,22
2019,14,Sydney Swans,Hawthorn Hawks,W,L,37,9,11,25,19,20,10,14
2019,14,Melbourne Demons,Freemantle Dockers,W,L,13,21,26,25,25,15,25,6
2019,14,St Kilda Saints,Brisbane Lions,L,W,21,9,7,22,30,20,57,8
2019,14,Port Adelaide Power,Geelong Cats,W,L,22,19,10,16,8,14,20,14
2019,14,Western Bulldogs,Collingwood Magpies,L,W,27,10,16,20,25,7,32,18
2019,15,Essendon Bombers,GWS Giants,W,L,20,13,7,37,8,26,16,21
2019,15,Geelong Cats,Adelaide Crows,W,L,25,23,27,21,34,13,14,8
2019,15,Hawthorn Hawks,West Coast Eagles,L,W,21,3,31,16,23,21,6,27
2019,15,Sydney Swans,Gold Coast Suns,W,L,14,25,27,27,15,20,8,8
2019,15,Collingwood Magpies,North Melbourne Kangaroos,L,W,9,12,7,9,19,13,30,19
2019,15,Port Adelaide Power,Western Bulldogs,L,W,8,9,21,3,20,12,19,15
2019,15,St Kilda Saints,Richmond Tigers,L,W,18,24,9,19,12,26,20,45
2019,15,Brisbane Lions,Melbourne Demons,W,L,18,17,39,33,21,20,19,14
2019,15,Freemantle Dockers,Carlton Blues,L,W,32,7,17,19,3,26,15,35
2019,16,Hawthorn Hawks,Collingwood Magpies,W,L,11,15,7,34,24,10,9,20
2019,16,Essendon Bombers,Sydney Swans,W,L,15,14,18,29,8,16,26,16
2019,16,Gold Coast Suns,Richmond Tigers,L,W,13,6,25,14,56,47,20,27
2019,16,Adelaide Crows,Port Adelaide Power,L,W,19,16,7,2,19,19,39,24
2019,16,Western Bulldogs,Geelong Cats,W,L,10,13,14,34,23,9,15,8
2019,16,Freemantle Dockers,West Coast Eagles,L,W,8,5,13,5,17,50,24,31
2019,16,Carlton Blues,Melbourne Demons,L,W,16,18,32,34,28,25,43,9
2019,16,North Melbourne Kangaroos,St Kilda Saints,W,L,47,19,19,27,7,32,14,20
2019,16,GWS Giants,Brisbane Lions,L,W,8,27,19,20,28,27,27,12
2019,17,West Coast Eagles,Collingwood Magpies,L,W,39,25,12,1,37,14,9,18
2019,17,Sydney Swans,Carlton Blues,L,W,17,11,14,20,17,21,11,20
2019,17,Hawthorn Hawks,Freemantle Dockers,W,L,19,16,27,22,3,24,14,12
2019,17,Essendon Bombers,North Melbourne Kangaroos,W,L,28,19,32,7,39,8,14,20
2019,17,Gold Coast Suns,Adelaide Crows,L,W,15,2,14,25,37,44,43,27
2019,17,Geelong Cats,St Kilda Saints,W,L,28,9,19,28,14,25,4,14
2019,17,Richmond Tigers,GWS Giants,W,L,28,15,30,21,2,27,14,24
2019,17,Western Bulldogs,Melbourne Demons,W,L,21,20,14,19,20,20,9,17
2019,17,Port Adelaide Power,Brisbane Lions,L,W,13,9,18,9,43,23,18,13
2019,18,Adelaide Crows,Essendon Bombers,L,W,17,35,7,16,8,25,26,37
2019,18,Richmond Tigers,Port Adelaide Power,W,L,34,19,26,22,16,14,19,14
2019,18,Carlton Blues,Gold Coast Suns,W,L,33,20,31,15,15,14,37,9
2019,18,GWS Giants,Collingwood Magpies,W,L,50,6,27,39,7,13,29,26
2019,18,Brisbane Lions,North Melbourne Kangaroos,W,L,10,21,23,33,30,20,0,25
2019,18,Freemantle Dockers,Sydney Swans,W,L,7,17,19,9,10,24,2,15
2019,18,Geelong Cats,Hawthorn Hawks,L,W,14,15,23,9,25,27,19,14
2019,18,Melbourne Demons,West Coast Eagles,L,W,11,39,20,8,31,20,13,27
2019,18,St Kilda Saints,Western Bulldogs,W,L,41,31,15,29,6,23,36,24
2019,19,Collingwood Magpies,Richmond Tigers,L,W,8,16,16,26,34,27,17,20
2019,19,Hawthorn Hawks,Brisbane Lions,L,W,22,11,11,16,19,16,31,21
2019,19,Carlton Blues,Adelaide Crows,W,L,28,22,19,18,24,10,13,13
2019,19,West Coast Eagles,North Melbourne Kangaroos,W,L,41,17,36,27,19,21,8,24
2019,19,St Kilda Saints,Melbourne Demons,W,L,20,17,33,34,33,7,26,19
2019,19,Port Adelaide Power,GWS Giants,L,W,3,21,15,16,17,13,19,7
2019,19,Western Bulldogs,Freemantle Dockers,W,L,50,28,17,18,27,8,16,15
2019,19,Sydney Swans,Geelong Cats,L,W,21,20,7,32,7,34,29,37
2019,19,Gold Coast Suns,Essendon Bombers,L,W,26,19,15,36,9,20,39,38
2019,20,North Melbourne Kangaroos,Hawthorn Hawks,W,L,8,28,29,21,28,13,14,9
2019,20,Essendon Bombers,Port Adelaide Power,L,W,16,21,21,9,32,21,40,33
2019,20,GWS Giants,Sydney Swans,W,L,22,31,17,13,30,10,25,16
2019,20,Freemantle Dockers,Geelong Cats,W,L,16,27,19,33,31,9,14,7
2019,20,Melbourne Demons,Richmond Tigers,L,W,19,19,8,14,20,21,34,18
2019,20,Adelaide Crows,St Kilda Saints,W,L,25,15,27,25,20,15,14,21
2019,20,Collingwood Magpies,Gold Coast Suns,W,L,28,38,38,16,20,12,7,12
2019,20,Carlton Blues,West Coast Eagles,L,W,25,14,15,21,17,42,32,8
2019,20,Brisbane Lions,Western Bulldogs,W,L,27,22,26,23,5,15,38,22
2019,21,GWS Giants,Hawthorn Hawks,L,W,13,12,1,3,19,19,27,20
2019,21,Melbourne Demons,Collingwood Magpies,L,W,10,8,8,27,5,31,26,8
2019,21,Port Adelaide Power,Sydney Swans,W,L,28,21,33,21,22,12,20,2
2019,21,Brisbane Lions,Gold Coast Suns,W,L,27,38,47,32,14,13,2,24
2019,21,Geelong Cats,North Melbourne Kangaroos,W,L,9,18,22,20,2,9,3,0
2019,21,Essendon Bombers,Western Bulldogs,L,W,7,2,4,20,39,24,39,35
2019,21,St Kilda Saints,Freemantle Dockers,W,L,27,14,14,17,15,25,22,7
2019,21,Richmond Tigers,Carlton Blues,W,L,20,20,14,19,2,10,18,15
2019,22,Melbourne Demons,Sydney Swans,L,W,19,2,4,17,25,20,18,32
2019,22,Carlton Blues,St Kilda Saints,W,L,16,19,17,26,21,25,10,12
2019,22,Brisbane Lions,Geelong Cats,W,L,9,23,16,27,14,35,8,17
2019,22,Adelaide Crows,Collingwood Magpies,L,W,5,13,8,22,14,21,39,40
2019,22,North Melbourne Kangaroos,Port Adelaide Power,W,L,39,41,31,33,7,15,26,10
2019,22,Freemantle Dockers,Essendon Bombers,L,W,22,8,10,15,31,21,19,16
2019,22,Richmond Tigers,West Coast Eagles,W,L,19,22,15,32,43,7,7,25
2019,22,GWS Giants,Western Bulldogs,L,W,33,27,4,1,43,14,36,33
2019,22,Hawthorn Hawks,Gold Coast Suns,W,L,38,29,18,33,8,9,19,12
2019,23,Collingwood Magpies,Essendon Bombers,W,L,19,24,14,19,38,6,13,8
2019,23,Sydney Swans,St Kilda Saints,W,L,38,1,31,39,17,22,15,10
2019,23,North Melbourne Kangaroos,Melbourne Demons,W,L,22,12,35,19,26,8,36,13
2019,23,Geelong Cats,Carlton Blues,W,L,34,43,13,39,9,17,23,12
2019,23,Gold Coast Suns,GWS Giants,L,W,4,24,14,13,30,20,51,26
2019,23,West Coast Eagles,Hawthorn Hawks,L,W,27,11,15,14,21,33,18,33
2019,23,Western Bulldogs,Adelaide Crows,W,L,41,21,33,26,12,22,20,33
2019,23,Richmond Tigers,Brisbane Lions,W,L,38,16,13,15,13,15,20,7
2019,23,Port Adelaide Power,Freemantle Dockers,W,L,22,29,32,27,31,5,6,25
2020,1,Richmond Tigers,Carlton Blues,W,L,44,25,20,16,13,10,32,26
2020,1,Western Bulldogs,Collingwood Magpies,L,W,6,18,8,2,32,22,13,19
2020,1,Essendon Bombers,Freemantle Dockers,W,L,32,15,9,7,13,8,9,27
2020,1,Adelaide Crows,Sydney Swans,L,W,36,7,13,15,18,33,19,4
2020,1,GWS Giants,Geelong Cats,W,L,30,25,26,24,26,16,13,18
2020,1,Gold Coast Suns,Port Adelaide Power,L,W,7,13,9,0,26,34,3,13
2020,1,North Melbourne Kangaroos,St Kilda Saints,W,L,7,7,29,13,21,22,4,7
2020,1,Hawthorn Hawks,Brisbane Lions,W,L,19,19,24,28,21,8,20,13
2020,1,West Coast Eagles,Melbourne Demons,W,L,31,14,27,6,4,20,15,12
2020,2,Collingwood Magpies,Richmond Tigers,T,T,25,8,1,2,1,18,13,4
2020,2,Geelong Cats,Hawthorn Hawks,W,L,32,14,38,24,25,15,7,0
2020,2,Brisbane Lions,Freemantle Dockers,W,L,26,24,21,10,18,27,8,16
2020,2,Carlton Blues,Melbourne Demons,L,W,0,17,13,23,32,14,7,1
2020,2,Port Adelaide Power,Adelaide Crows,W,L,26,26,39,19,13,7,7,8
2020,2,Gold Coast Suns,West Coast Eagles,W,L,12,26,32,20,10,25,9,2
2020,2,GWS Giants,North Melbourne Kangaroos,L,W,10,8,22,20,8,10,26,36
2020,2,Sydney Swans,Essendon Bombers,L,W,12,21,25,15,32,7,27,13
2020,2,St Kilda Saints,Western Bulldogs,W,L,19,26,31,12,16,6,14,13
2020,3,Richmond Tigers,Hawthorn Hawks,L,W,1,12,8,18,33,12,20,6
2020,3,Western Bulldogs,GWS Giants,W,L,17,13,20,7,8,2,13,10
2020,3,North Melbourne Kangaroos,Sydney Swans,L,W,15,12,14,19,13,20,35,3
2020,3,Collingwood Magpies,St Kilda Saints,W,L,33,31,9,8,13,13,10,1
2020,3,Brisbane Lions,West Coast Eagles,W,L,8,10,33,23,13,9,12,10
2020,3,Geelong Cats,Carlton Blues,L,W,8,22,13,34,33,26,19,1
2020,3,Gold Coast Suns,Adelaide Crows,W,L,19,24,25,14,0,8,2,19
2020,3,Freemantle Dockers,Port Adelaide Power,L,W,25,0,7,9,19,34,8,9
2020,4,Sydney Swans,Western Bulldogs,L,W,1,8,11,19,20,19,7,21
2020,4,GWS Giants,Collingwood Magpies,W,L,9,19,26,12,14,14,25,11
2020,4,Port Adelaide Power,West Coast Eagles,W,L,28,15,28,18,8,8,18,7
2020,4,St Kilda Saints,Richmond Tigers,W,L,32,18,24,19,25,14,20,8
2020,4,Gold Coast Suns,Freemantle Dockers,W,L,12,30,8,14,18,18,14,1
2020,4,Essendon Bombers,Carlton Blues,L,W,13,12,13,13,18,15,5,14
2020,4,Brisbane Lions,Adelaide Crows,W,L,21,31,5,26,6,6,27,7
2020,4,Melbourne Demons,Geelong Cats,L,W,1,14,8,21,13,1,26,7
2020,4,Hawthorn Hawks,North Melbourne Kangaroos,W,L,15,21,12,10,13,14,0,27
2020,5,Carlton Blues,St Kilda Saints,L,W,7,9,20,19,27,19,13,14
2020,5,Collingwood Magpies,Essendon Bombers,L,W,18,1,4,25,18,12,20,13
2020,5,West Coast Eagles,Sydney Swans,W,L,19,15,23,20,21,8,7,7
2020,5,Geelong Cats,Gold Coast Suns,W,L,27,9,31,22,7,25,20,0
2020,5,Western Bulldogs,North Melbourne Kangaroos,W,L,14,21,31,21,8,7,8,15
2020,5,Brisbane Lions,Port Adelaide Power,W,L,13,41,23,8,12,7,15,14
2020,5,Adelaide Crows,Freemantle Dockers,L,W,3,9,20,2,18,7,8,21
2020,5,Melbourne Demons,Richmond Tigers,L,W,19,1,12,20,20,25,16,18
2020,5,GWS Giants,Hawthorn Hawks,W,L,25,7,37,14,2,20,26,1
2020,6,Geelong Cats,Brisbane Lions,W,L,10,12,45,6,12,20,1,13
2020,6,Collingwood Magpies,Hawthorn Hawks,W,L,31,10,9,9,6,7,1,13
2020,6,Freemantle Dockers,St Kilda Saints,W,L,8,32,21,18,44,9,0,20
2020,6,West Coast Eagles,Adelaide Crows,W,L,15,13,27,12,7,6,8,13
2020,6,Melbourne Demons,Gold Coast Suns,W,L,13,28,15,24,20,14,19,10
2020,6,Essendon Bombers,North Melbourne Kangaroos,W,L,17,24,18,8,22,9,16,6
2020,6,Port Adelaide Power,GWS Giants,W,L,8,20,8,27,1,16,16,13
2020,6,Richmond Tigers,Sydney Swans,W,L,21,2,8,3,9,6,2,9
2020,6,Carlton Blues,Western Bulldogs,W,L,32,21,13,37,13,19,16,3
2020,7,Geelong Cats,Collingwood Magpies,L,W,7,2,14,12,14,13,10,20
2020,7,Essendon Bombers,Western Bulldogs,L,W,21,6,3,21,25,15,33,20
2020,7,GWS Giants,Brisbane Lions,L,W,15,13,25,15,28,19,19,22
2020,7,Sydney Swans,Gold Coast Suns,L,W,13,20,24,3,15,28,30,19
2020,7,Richmond Tigers,North Melbourne Kangaroos,W,L,27,14,20,16,0,15,3,5
2020,7,Carlton Blues,Port Adelaide Power,L,W,26,8,8,19,25,15,8,16
2020,7,Hawthorn Hawks,Melbourne Demons,L,W,8,7,15,18,20,25,27,19
2020,7,Freemantle Dockers,West Coast Eagles,L,W,12,13,0,7,14,26,15,7
2020,7,Adelaide Crows,St Kilda Saints,L,W,8,18,10,19,20,26,6,26
2020,8,Gold Coast Suns,Western Bulldogs,L,W,13,9,14,10,15,9,14,13
2020,8,GWS Giants,Richmond Tigers,W,L,22,12,20,8,18,9,19,4
2020,8,North Melbourne Kangaroos,Carlton Blues,L,W,8,24,18,7,31,13,11,9
2020,8,Sydney Swans,Hawthorn Hawks,W,L,13,18,19,10,21,12,9,11
2020,8,Port Adelaide Power,St Kilda Saints,L,W,13,15,14,2,7,24,12,30
2020,8,Adelaide Crows,Essendon Bombers,L,W,13,14,20,12,13,21,19,9
2020,8,West Coast Eagles,Collingwood Magpies,W,L,12,32,36,31,26,7,3,9
2020,8,Melbourne Demons,Brisbane Lions,L,W,14,7,9,19,14,21,13,5
2020,9,Western Bulldogs,Richmond Tigers,L,W,7,16,8,18,27,37,12,14
2020,9,Melbourne Demons,Port Adelaide Power,L,W,2,7,14,9,20,22,27,14
2020,9,Carlton Blues,Hawthorn Hawks,L,W,31,7,8,12,12,39,19,19
2020,9,Essendon Bombers,Brisbane Lions,L,W,9,6,7,6,33,2,31,25
2020,9,North Melbourne Kangaroos,Adelaide Crows,W,L,25,30,19,45,2,19,22,7
2020,9,St Kilda Saints,Sydney Swans,W,L,21,25,14,41,13,11,16,8
2020,9,West Coast Eagles,Geelong Cats,W,L,18,8,22,25,24,18,14,8
2020,9,Gold Coast Suns,GWS Giants,L,W,3,13,3,16,16,13,8,24
2020,9,Freemantle Dockers,Collingwood Magpies,W,L,0,25,12,24,8,8,25,8
2020,10,Port Adelaide Power,Western Bulldogs,W,L,8,12,27,8,17,6,1,18
2020,10,Richmond Tigers,Brisbane Lions,W,L,21,32,7,22,15,11,7,8
2020,10,Geelong Cats,North Melbourne Kangaroos,W,L,26,12,21,31,19,1,12,25
2020,10,Adelaide Crows,Melbourne Demons,L,W,16,13,2,6,20,14,9,45
2020,10,Collingwood Magpies,Sydney Swans,W,L,6,16,19,9,6,24,2,9
2020,10,Gold Coast Suns,St Kilda Saints,L,W,13,28,14,19,20,18,20,20
2020,10,Essendon Bombers,GWS Giants,L,W,2,37,8,8,2,15,14,28
2020,11,Port Adelaide Power,Richmond Tigers,W,L,28,26,17,22,21,24,27,0
2020,11,Brisbane Lions,Western Bulldogs,W,L,22,40,26,8,19,13,18,22
2020,11,West Coast Eagles,Carlton Blues,W,L,14,7,31,20,12,22,7,9
2020,11,Melbourne Demons,North Melbourne Kangaroos,W,L,10,21,19,42,20,6,8,1
2020,11,St Kilda Saints,Geelong Cats,L,W,13,17,2,2,16,31,26,20
2020,11,Freemantle Dockers,Hawthorn Hawks,W,L,19,9,18,2,7,9,2,14
2020,11,Adelaide Crows,Collingwood Magpies,L,W,13,9,4,12,6,7,30,19
2020,11,Gold Coast Suns,Essendon Bombers,T,T,19,27,13,14,9,18,20,26
2020,12,Sydney Swans,GWS Giants,W,L,19,13,9,25,1,8,9,7
2020,12,Geelong Cats,Port Adelaide Power,W,L,15,12,22,42,1,11,13,6
2020,12,North Melbourne Kangaroos,Brisbane Lions,L,W,9,12,6,25,11,13,15,14
2020,12,Melbourne Demons,Collingwood Magpies,W,L,21,43,12,24,7,25,10,2
2020,12,Freemantle Dockers,Carlton Blues,L,W,20,7,7,2,1,14,17,8
2020,12,Western Bulldogs,Adelaide Crows,W,L,39,17,28,27,25,8,2,19
2020,12,St Kilda Saints,Essendon Bombers,W,L,28,19,12,9,6,6,13,8
2020,12,West Coast Eagles,Hawthorn Hawks,W,L,22,19,32,8,0,15,21,13
2020,12,Richmond Tigers,Gold Coast Suns,W,L,13,1,18,21,13,11,2,6
2020,13,Gold Coast Suns,Carlton Blues,L,W,0,12,8,7,10,27,10,13
2020,13,Western Bulldogs,Melbourne Demons,W,L,16,12,37,15,9,26,3,14
2020,13,Port Adelaide Power,Hawthorn Hawks,W,L,15,26,11,16,25,7,20,6
2020,13,Essendon Bombers,Richmond Tigers,L,W,7,12,18,24,11,15,26,21
2020,13,Freemantle Dockers,Sydney Swans,W,L,7,21,9,13,8,2,0,9
2020,13,Adelaide Crows,Geelong Cats,L,W,9,13,14,1,20,9,16,20
2020,13,Brisbane Lions,St Kilda Saints,W,L,17,7,25,1,6,14,19,9
2020,13,West Coast Eagles,GWS Giants,W,L,27,7,21,6,1,11,12,25
2020,13,Collingwood Magpies,North Melbourne Kangaroos,W,L,8,19,24,14,13,9,13,0
2020,14,Hawthorn Hawks,Essendon Bombers,L,W,22,30,6,13,9,7,33,38
2020,14,Richmond Tigers,West Coast Eagles,W,L,7,25,36,20,6,20,28,7
2020,14,Western Bulldogs,Geelong Cats,L,W,39,3,7,12,3,21,15,33
2020,14,Port Adelaide Power,Sydney Swans,W,L,27,24,1,21,19,0,15,13
2020,14,Freemantle Dockers,GWS Giants,L,W,7,8,18,20,26,14,33,18
2020,14,Melbourne Demons,St Kilda Saints,W,L,24,7,14,7,9,20,13,7
2020,14,Carlton Blues,Collingwood Magpies,L,W,12,32,2,2,14,22,8,28
2020,14,Gold Coast Suns,North Melbourne Kangaroos,W,L,22,28,12,29,13,12,3,0
2020,15,Hawthorn Hawks,Adelaide Crows,L,W,9,18,14,7,16,26,21,20
2020,15,West Coast Eagles,Essendon Bombers,W,L,25,20,14,1,10,19,9,7
2020,15,Richmond Tigers,Freemantle Dockers,W,L,14,13,1,28,6,2,14,7
2020,15,Sydney Swans,Melbourne Demons,W,L,12,32,2,21,15,1,9,21
2020,15,GWS Giants,Carlton Blues,W,L,11,4,8,25,24,3,11,1
2020,15,Brisbane Lions,Collingwood Magpies,W,L,2,31,8,1,7,8,6,13
2020,16,North Melbourne Kangaroos,Port Adelaide Power,L,W,8,6,14,14,26,3,39,10
2020,16,St Kilda Saints,Hawthorn Hawks,W,L,28,10,17,25,31,4,7,24
2020,16,Geelong Cats,Essendon Bombers,W,L,38,37,13,20,8,8,10,16
2020,16,Western Bulldogs,West Coast Eagles,W,L,3,23,8,15,25,1,7,14
2020,16,Melbourne Demons,Freemantle Dockers,L,W,1,8,7,17,12,3,18,14
2020,16,Adelaide Crows,GWS Giants,W,L,21,4,30,4,7,14,18,8
2020,16,Carlton Blues,Sydney Swans,W,L,4,24,17,12,18,26,7,1
2020,16,Brisbane Lions,Gold Coast Suns,W,L,34,20,22,12,6,21,8,8
2020,17,St Kilda Saints,West Coast Eagles,L,W,23,0,4,23,13,23,3,26
2020,17,Geelong Cats,Richmond Tigers,L,W,3,7,1,20,17,6,20,14
2020,17,North Melbourne Kangaroos,Freemantle Dockers,L,W,6,8,8,13,21,25,26,27
2020,17,Port Adelaide Power,Essendon Bombers,W,L,8,35,12,24,13,2,6,8
2020,17,GWS Giants,Melbourne Demons,L,W,15,32,20,7,32,15,13,19
2020,17,Carlton Blues,Adelaide Crows,L,W,2,7,20,27,33,20,3,16
2020,17,Hawthorn Hawks,Western Bulldogs,L,W,7,1,25,7,25,23,13,15
2020,17,Sydney Swans,Brisbane Lions,L,W,12,0,9,20,7,14,13,39
2020,17,Collingwood Magpies,Gold Coast Suns,W,L,14,15,18,21,19,4,13,10
2020,18,North Melbourne Kangaroos,West Coast Eagles,L,W,16,2,10,6,0,19,9,21
2020,18,St Kilda Saints,GWS Giants,W,L,21,14,22,25,11,15,2,2
2020,18,Essendon Bombers,Melbourne Demons,L,W,12,2,7,28,10,32,7,19
2020,18,Adelaide Crows,Richmond Tigers,L,W,14,2,7,10,18,12,29,18
2020,18,Brisbane Lions,Carlton Blues,W,L,20,33,8,17,24,1,12,24
2020,18,Hawthorn Hawks,Gold Coast Suns,W,L,43,14,27,24,7,16,12,22
2020,18,Sydney Swans,Geelong Cats,L,W,34,4,13,12,25,2,22,20
2020,18,Freemantle Dockers,Western Bulldogs,L,W,14,20,7,3,15,31,10,18
2020,18,Collingwood Magpies,Port Adelaide Power,L,W,12,12,13,8,14,19,22,6
2021,1,Richmond Tigers,Carlton Blues,W,L,21,32,15,37,20,22,18,20
2021,1,Collingwood Magpies,Western Bulldogs,L,W,8,22,7,16,20,21,20,8
2021,1,Melbourne Demons,Freemantle Dockers,W,L,28,20,14,18,4,22,19,13
2021,1,Adelaide Crows,Geelong Cats,W,L,28,45,14,16,15,20,33,23
2021,1,Essendon Bombers,Hawthorn Hawks,L,W,16,50,10,15,19,8,48,17
2021,1,Brisbane Lions,Sydney Swans,L,W,21,31,15,27,16,36,56,17
2021,1,North Melbourne Kangaroos,Port Adelaide Power,L,W,16,8,14,27,14,50,28,25
2021,1,GWS Giants,St Kilda Saints,L,W,15,14,28,21,8,28,24,26
2021,1,West Coast Eagles,Gold Coast Suns,W,L,21,13,15,34,16,13,21,8
2021,2,Carlton Blues,Collingwood Magpies,L,W,20,31,25,9,38,33,14,21
2021,2,Geelong Cats,Brisbane Lions,W,L,33,20,21,7,17,16,20,27
2021,2,Sydney Swans,Adelaide Crows,W,L,25,35,41,20,20,10,20,38
2021,2,Port Adelaide Power,Essendon Bombers,W,L,37,35,28,19,10,21,13,21
2021,2,St Kilda Saints,Melbourne Demons,L,W,20,19,13,21,22,21,24,24
2021,2,Gold Coast Suns,North Melbourne Kangaroos,W,L,22,38,16,22,8,8,19,4
2021,2,Hawthorn Hawks,Richmond Tigers,L,W,7,25,7,10,28,27,7,16
2021,2,Western Bulldogs,West Coast Eagles,W,L,21,25,20,34,20,19,39,15
2021,2,Freemantle Dockers,GWS Giants,W,L,30,12,28,17,11,4,15,26
2021,3,Collingwood Magpies,Brisbane Lions,L,W,26,19,14,13,13,24,14,22
2021,3,North Melbourne Kangaroos,Western Bulldogs,L,W,14,8,4,13,26,34,40,67
2021,3,Adelaide Crows,Gold Coast Suns,W,L,30,20,22,23,36,3,26,20
2021,3,Richmond Tigers,Sydney Swans,L,W,9,21,21,21,17,53,32,15
2021,3,Essendon Bombers,St Kilda Saints,W,L,40,38,28,37,21,8,16,23
2021,3,West Coast Eagles,Port Adelaide Power,W,L,34,33,19,22,7,8,24,32
2021,3,Carlton Blues,Freemantle Dockers,W,L,23,40,26,20,19,9,15,21
2021,3,GWS Giants,Melbourne Demons,L,W,31,12,6,19,15,26,26,35
2021,3,Geelong Cats,Hawthorn Hawks,W,L,21,19,21,8,13,10,14,27
2021,4,Sydney Swans,Essendon Bombers,W,L,17,34,14,18,25,21,20,14
2021,4,Port Adelaide Power,Richmond Tigers,W,L,21,25,20,13,26,13,16,22
2021,4,Western Bulldogs,Brisbane Lions,W,L,21,27,16,9,13,9,20,12
2021,4,St Kilda Saints,West Coast Eagles,W,L,26,9,36,31,38,25,18,1
2021,4,Gold Coast Suns,Carlton Blues,L,W,8,20,28,3,16,26,15,13
2021,4,Collingwood Magpies,GWS Giants,L,W,8,21,19,12,14,25,24,27
2021,4,North Melbourne Kangaroos,Adelaide Crows,L,W,14,25,22,7,32,22,3,52
2021,4,Melbourne Demons,Geelong Cats,W,L,16,28,19,22,7,14,30,9
2021,4,Freemantle Dockers,Hawthorn Hawks,W,L,36,11,25,24,2,32,22,25
2021,5,St Kilda Saints,Richmond Tigers,L,W,22,7,13,6,21,33,48,32
2021,5,West Coast Eagles,Collingwood Magpies,W,L,19,40,31,13,34,13,2,27
2021,5,Sydney Swans,GWS Giants,L,W,21,19,16,13,10,15,16,30
2021,5,Western Bulldogs,Gold Coast Suns,W,L,25,45,17,31,2,7,37,10
2021,5,Carlton Blues,Port Adelaide Power,L,W,21,8,17,22,26,26,37,7
2021,5,Brisbane Lions,Essendon Bombers,W,L,26,21,31,24,3,8,19,15
2021,5,Adelaide Crows,Freemantle Dockers,L,W,13,22,19,18,13,10,32,29
2021,5,Hawthorn Hawks,Melbourne Demons,L,W,27,6,9,12,17,14,21,52
2021,5,Geelong Cats,North Melbourne Kangaroos,W,L,9,18,27,23,19,2,13,13
2021,6,GWS Giants,Western Bulldogs,L,W,7,22,15,21,15,22,10,57
2021,6,Gold Coast Suns,Sydney Swans,W,L,26,24,34,16,19,9,7,25
2021,6,Geelong Cats,West Coast Eagles,W,L,15,61,39,21,20,1,7,11
2021,6,Carlton Blues,Brisbane Lions,L,W,23,14,28,20,15,48,27,13
2021,6,Melbourne Demons,Richmond Tigers,W,L,14,28,26,14,21,4,13,10
2021,6,Freemantle Dockers,North Melbourne Kangaroos,W,L,22,29,28,20,14,9,16,9
2021,6,Hawthorn Hawks,Adelaide Crows,W,L,32,27,25,18,24,60,13,2
2021,6,Collingwood Magpies,Essendon Bombers,L,W,25,24,22,14,28,27,21,33
2021,6,Port Adelaide Power,St Kilda Saints,W,L,25,26,23,19,10,7,8,14
2021,7,Richmond Tigers,Western Bulldogs,W,L,10,10,32,25,24,15,7,9
2021,7,Collingwood Magpies,Gold Coast Suns,L,W,15,5,21,14,14,25,18,22
2021,7,Adelaide Crows,GWS Giants,L,W,7,9,11,12,14,34,26,32
2021,7,St Kilda Saints,Hawthorn Hawks,W,L,34,35,26,33,0,26,13,20
2021,7,Sydney Swans,Geelong Cats,W,L,13,31,22,24,41,9,20,18
2021,7,Brisbane Lions,Port Adelaide Power,W,L,29,27,25,12,8,10,9,17
2021,7,North Melbourne Kangaroos,Melbourne Demons,L,W,25,34,7,7,20,20,39,24
2021,7,Essendon Bombers,Carlton Blues,L,W,40,15,25,27,26,27,38,32
2021,7,West Coast Eagles,Freemantle Dockers,W,L,26,44,40,22,24,33,14,2
2021,8,Richmond Tigers,Geelong Cats,L,W,27,22,8,6,9,31,52,34
2021,8,Gold Coast Suns,St Kilda Saints,L,W,10,15,26,3,3,22,11,27
2021,8,GWS Giants,Essendon Bombers,W,L,38,8,46,15,14,23,30,38
2021,8,North Melbourne Kangaroos,Collingwood Magpies,L,W,14,10,31,21,20,34,28,12
2021,8,Melbourne Demons,Sydney Swans,W,L,19,17,18,13,21,4,19,14
2021,8,Port Adelaide Power,Adelaide Crows,W,L,16,14,34,23,6,4,19,9
2021,8,Hawthorn Hawks,West Coast Eagles,L,W,3,21,16,20,5,46,26,21
2021,8,Western Bulldogs,Carlton Blues,W,L,27,15,26,39,21,33,28,9
2021,8,Brisbane Lions,Freemantle Dockers,W,L,34,21,26,14,13,8,28,22
2021,9,St Kilda Saints,Geelong Cats,L,W,7,22,8,10,13,13,16,26
2021,9,Sydney Swans,Collingwood Magpies,W,L,8,19,22,23,26,2,2,12
2021,9,Hawthorn Hawks,North Melbourne Kangaroos,L,W,33,21,8,18,7,25,29,26
2021,9,Gold Coast Suns,Brisbane Lions,L,W,15,9,1,26,21,32,50,21
2021,9,Richmond Tigers,GWS Giants,W,L,18,20,27,22,27,32,9,15
2021,9,Port Adelaide Power,Western Bulldogs,L,W,13,36,9,19,38,12,27,19
2021,9,Essendon Bombers,Freemantle Dockers,W,L,20,12,16,20,14,16,21,10
2021,9,Melbourne Demons,Carlton Blues,W,L,27,27,27,13,20,21,14,13
2021,9,West Coast Eagles,Adelaide Crows,W,L,17,43,31,15,15,16,25,20
2021,10,Brisbane Lions,Richmond Tigers,W,L,23,28,26,25,31,13,9,21
2021,10,Carlton Blues,Hawthorn Hawks,W,L,25,26,25,10,15,33,9,6
2021,10,Geelong Cats,Gold Coast Suns,W,L,24,13,26,28,7,17,8,25
2021,10,Adelaide Crows,Melbourne Demons,W,L,26,26,19,25,31,21,22,21
2021,10,Western Bulldogs,St Kilda Saints,W,L,23,47,33,41,12,7,7,7
2021,10,Freemantle Dockers,Sydney Swans,W,L,20,22,29,15,24,33,1,26
2021,10,GWS Giants,West Coast Eagles,W,L,26,24,23,20,22,27,20,8
2021,10,Collingwood Magpies,Port Adelaide Power,L,W,19,11,15,13,1,14,17,27
2021,10,Essendon Bombers,North Melbourne Kangaroos,W,L,40,31,25,45,13,8,35,13
2021,11,Western Bulldogs,Melbourne Demons,L,W,14,27,3,15,41,19,20,7
2021,11,Collingwood Magpies,Geelong Cats,L,W,3,4,10,34,15,23,3,20
2021,11,Brisbane Lions,GWS Giants,W,L,40,27,27,35,6,19,8,32
2021,11,St Kilda Saints,North Melbourne Kangaroos,W,L,24,29,27,8,6,16,15,31
2021,11,West Coast Eagles,Essendon Bombers,L,W,18,36,11,6,16,21,25,25
2021,11,Gold Coast Suns,Hawthorn Hawks,W,L,29,39,20,25,20,20,13,23
2021,11,Richmond Tigers,Adelaide Crows,W,L,19,32,39,21,39,10,8,26
2021,11,Sydney Swans,Carlton Blues,W,L,33,19,20,28,27,26,16,9
2021,11,Port Adelaide Power,Freemantle Dockers,W,L,47,30,12,26,7,39,15,8
2021,12,Melbourne Demons,Brisbane Lions,W,L,15,19,35,28,28,26,14,7
2021,12,Sydney Swans,St Kilda Saints,W,L,30,13,28,21,22,15,24,22
2021,12,Adelaide Crows,Collingwood Magpies,L,W,7,29,22,15,30,12,27,9
2021,12,Essendon Bombers,Richmond Tigers,L,W,8,26,24,26,27,28,25,43
2021,12,Carlton Blues,West Coast Eagles,L,W,24,21,19,9,25,28,27,15
2021,12,Freemantle Dockers,Western Bulldogs,L,W,14,14,22,15,21,33,14,35
2021,13,Port Adelaide Power,Geelong Cats,L,W,31,19,14,27,27,26,21,38
2021,13,Sydney Swans,Hawthorn Hawks,L,W,20,13,7,11,26,31,7,25
2021,13,Freemantle Dockers,Gold Coast Suns,W,L,14,8,39,15,9,5,25,10
2021,13,St Kilda Saints,Adelaide Crows,L,W,27,21,9,3,0,18,24,24
2021,13,North Melbourne Kangaroos,GWS Giants,T,T,31,27,27,9,25,27,5,37
2021,13,West Coast Eagles,Richmond Tigers,W,L,18,25,8,34,14,33,16,18
2021,13,Melbourne Demons,Collingwood Magpies,L,W,14,14,26,9,10,34,15,21
2021,14,Geelong Cats,Western Bulldogs,W,L,10,32,22,19,10,25,27,16
2021,14,Gold Coast Suns,Port Adelaide Power,L,W,6,7,3,15,21,26,27,7
2021,14,North Melbourne Kangaroos,Brisbane Lions,L,W,8,19,9,9,16,9,20,23
2021,14,GWS Giants,Carlton Blues,W,L,33,19,18,32,13,9,30,14
2021,14,Hawthorn Hawks,Essendon Bombers,L,W,9,22,25,17,20,13,26,27
2021,15,Brisbane Lions,Geelong Cats,W,L,31,26,22,15,1,22,13,14
2021,15,Richmond Tigers,St Kilda Saints,L,W,6,7,7,3,20,13,22,7
2021,15,North Melbourne Kangaroos,Gold Coast Suns,W,L,28,10,25,9,18,28,6,11
2021,15,Collingwood Magpies,Freemantle Dockers,L,W,14,14,20,31,21,26,19,25
2021,15,Port Adelaide Power,Sydney Swans,W,L,27,19,20,15,33,9,9,20
2021,15,Essendon Bombers,Melbourne Demons,L,W,15,14,14,14,11,21,28,8
2021,15,GWS Giants,Hawthorn Hawks,L,W,31,3,20,18,15,27,15,33
2021,15,West Coast Eagles,Western Bulldogs,L,W,7,9,20,7,20,16,21,41
2021,15,Carlton Blues,Adelaide Crows,W,L,12,52,14,5,18,18,21,16
2021,16,Gold Coast Suns,Richmond Tigers,W,L,19,21,22,15,13,21,19,14
2021,16,Geelong Cats,Essendon Bombers,W,L,7,50,14,27,26,7,17,7
2021,16,Melbourne Demons,GWS Giants,L,W,9,15,15,16,14,28,14,8
2021,16,Adelaide Crows,Brisbane Lions,L,W,13,15,21,10,22,14,37,38
2021,16,Freemantle Dockers,Carlton Blues,L,W,4,28,31,1,26,18,19,17
2021,16,Hawthorn Hawks,Port Adelaide Power,L,W,10,1,21,21,20,33,8,26
2021,16,Sydney Swans,West Coast Eagles,W,L,32,38,16,32,9,0,14,3
2021,16,Collingwood Magpies,St Kilda Saints,L,W,8,3,14,36,19,10,39,2
2021,16,Western Bulldogs,North Melbourne Kangaroos,W,L,31,29,26,22,19,14,14,32
2021,17,Port Adelaide Power,Melbourne Demons,L,W,14,19,14,8,20,32,17,17
2021,17,Essendon Bombers,Adelaide Crows,W,L,17,27,22,18,2,7,10,2
2021,17,Hawthorn Hawks,Freemantle Dockers,L,W,12,17,8,9,35,20,23,30
2021,17,Carlton Blues,Geelong Cats,L,W,11,4,10,19,13,9,21,27
2021,17,Brisbane Lions,St Kilda Saints,L,W,11,21,18,13,9,33,21,32
2021,17,GWS Giants,Gold Coast Suns,L,W,16,6,36,6,7,26,12,20
2021,17,Western Bulldogs,Sydney Swans,L,W,20,15,7,18,26,20,16,17
2021,17,Richmond Tigers,Collingwood Magpies,L,W,24,20,19,8,7,20,16,44
2021,17,West Coast Eagles,North Melbourne Kangaroos,L,W,17,11,2,30,12,8,21,29
2021,18,Freemantle Dockers,Geelong Cats,L,W,9,4,15,3,23,33,22,22
2021,18,Richmond Tigers,Brisbane Lions,W,L,26,20,32,28,19,33,15,19
2021,18,St Kilda Saints,Port Adelaide Power,L,W,16,7,22,16,6,24,23,21
2021,18,Gold Coast Suns,Western Bulldogs,L,W,25,16,14,24,20,32,19,19
2021,18,Melbourne Demons,Hawthorn Hawks,T,T,28,15,21,15,8,24,31,16
2021,18,North Melbourne Kangaroos,Essendon Bombers,L,W,28,12,10,24,18,12,28,34
2021,18,Collingwood Magpies,Carlton Blues,L,W,20,20,19,3,9,21,21,40
2021,18,Adelaide Crows,West Coast Eagles,L,W,9,19,14,14,3,27,33,35
2021,18,GWS Giants,Sydney Swans,L,W,37,19,3,13,8,32,38,20
2021,19,Port Adelaide Power,Collingwood Magpies,W,L,16,28,33,20,21,4,31,13
2021,19,Carlton Blues,North Melbourne Kangaroos,L,W,17,19,4,37,19,15,44,38
2021,19,Brisbane Lions,Gold Coast Suns,W,L,16,17,35,52,21,39,2,9
2021,19,West Coast Eagles,St Kilda Saints,W,L,14,40,19,21,13,13,22,38
2021,19,Melbourne Demons,Western Bulldogs,L,W,10,9,32,14,20,20,25,20
2021,19,Adelaide Crows,Hawthorn Hawks,W,L,37,18,21,26,25,15,24,19
2021,19,Sydney Swans,Freemantle Dockers,W,L,21,23,33,21,28,13,1,16
2021,19,Geelong Cats,Richmond Tigers,W,L,18,33,12,32,8,2,15,32
2021,19,Essendon Bombers,GWS Giants,L,W,27,13,4,9,16,8,28,14
2021,20,St Kilda Saints,Carlton Blues,L,W,19,14,16,32,31,30,31,20
2021,20,Western Bulldogs,Adelaide Crows,W,L,33,30,8,34,21,7,8,20
2021,20,North Melbourne Kangaroos,Geelong Cats,L,W,20,8,8,6,16,20,11,15
2021,20,Collingwood Magpies,West Coast Eagles,W,L,25,36,9,20,4,7,8,26
2021,20,Gold Coast Suns,Melbourne Demons,L,W,20,1,0,9,40,40,36,12
2021,20,Hawthorn Hawks,Brisbane Lions,W,L,27,19,37,9,1,21,8,50
2021,20,Essendon Bombers,Sydney Swans,L,W,21,20,30,31,13,16,44,36
2021,20,Freemantle Dockers,Richmond Tigers,W,L,18,4,20,13,7,7,18,19
2021,20,GWS Giants,Port Adelaide Power,L,W,7,37,21,8,22,30,29,28
2021,21,Geelong Cats,GWS Giants,L,W,9,18,13,25,27,19,25,13
2021,21,Carlton Blues,Gold Coast Suns,L,W,20,15,9,13,10,16,25,25
2021,21,Richmond Tigers,North Melbourne Kangaroos,W,L,3,13,44,29,22,14,14,6
2021,21,Adelaide Crows,Port Adelaide Power,L,W,9,21,14,7,8,3,23,21
2021,21,St Kilda Saints,Sydney Swans,W,L,30,20,26,17,25,7,20,12
2021,21,Hawthorn Hawks,Collingwood Magpies,W,L,26,25,32,14,14,7,32,25
2021,21,Western Bulldogs,Essendon Bombers,L,W,21,20,18,25,8,36,26,27
2021,21,Freemantle Dockers,Brisbane Lions,L,W,13,8,18,15,40,26,26,26
2021,21,West Coast Eagles,Melbourne Demons,L,W,12,17,7,27,26,7,35,4
2021,22,GWS Giants,Richmond Tigers,W,L,45,32,21,8,14,13,13,27
2021,22,Hawthorn Hawks,Western Bulldogs,W,L,2,23,25,14,9,7,20,1
2021,22,Port Adelaide Power,Carlton Blues,W,L,14,40,29,57,18,21,3,3
2021,22,Geelong Cats,St Kilda Saints,W,L,12,26,27,20,31,13,19,8
2021,22,Brisbane Lions,Collingwood Magpies,W,L,26,44,44,28,20,13,10,14
2021,22,North Melbourne Kangaroos,Sydney Swans,L,W,14,7,25,31,32,20,16,23
2021,22,Melbourne Demons,Adelaide Crows,W,L,21,25,33,25,12,13,31,7
2021,22,Gold Coast Suns,Essendon Bombers,L,W,14,8,2,6,14,42,28,14
2021,22,Freemantle Dockers,West Coast Eagles,W,L,50,12,6,11,20,11,20,13
2021,23,Western Bulldogs,Port Adelaide Power,L,W,25,8,24,7,9,5,32,20
2021,23,Richmond Tigers,Hawthorn Hawks,T,T,20,10,16,37,14,28,20,21
2021,23,Sydney Swans,Gold Coast Suns,W,L,40,21,24,51,4,22,13,10
2021,23,Brisbane Lions,West Coast Eagles,W,L,44,20,20,41,21,32,14,20
2021,23,Geelong Cats,Melbourne Demons,L,W,13,49,13,2,15,8,20,38
2021,23,Carlton Blues,GWS Giants,L,W,16,26,7,26,9,32,23,25
2021,23,St Kilda Saints,Freemantle Dockers,W,L,18,20,27,42,10,13,9,17
2021,23,Essendon Bombers,Collingwood Magpies,W,L,32,36,15,19,26,8,16,14
2021,23,Adelaide Crows,North Melbourne Kangaroos,W,L,30,9,24,35,13,2,19,20